abc_class,sku_count,total_velocity,avg_velocity
A,11,658.0,59.81818181818182
B,7,127.0,18.142857142857142
C,7,49.0,7.0
