abc_class,sku_count,total_velocity,avg_velocity
A,294,18550.0,63.095238095238095
B,176,3471.0,19.72159090909091
C,130,1168.0,8.984615384615385
